date,title
2022/08/14  00:00:00,"Alabama: Dangerous Lanternflies Have Hatched, Must Kill On Sight."
2022/08/14  00:00:00,"Two Grabbed Over Stolen Pump Action Gun, Assorted Phones, And Cash"
2022/08/14  00:00:00,State by state: Abortion laws across the U.S.
2022/08/14  00:00:00,Rig on its way to South Africa to spud exploration well
2022/08/14  00:00:00,Biman lashes out at the A-G for comments
2022/08/14  00:00:00,"German Chancellor Olaf Scholz coming to Canada to meet with Trudeau, business leaders"
2022/08/14  00:00:00,Wounded Richmond officer's K-9 partner staying with former handler
2022/08/14  00:00:00,Postscripts: 80s real estate mogul who owned White Caps found Jesus after market crash
2022/08/14  00:00:00,Flynn rouses crowd to 'not take it any more'
2022/08/14  00:00:00,Cowen back on board of Canadian cannabis and cryptocurrency firm
2022/08/14  00:00:00,Trump lawyer told Justice Dept. that classified material had been returned
2022/08/14  00:00:00,EUs ambitions on climate disclosures run up against US wall
2022/08/14  00:00:00,Indonesian students engaging in biosecurity exchange program
2022/08/14  00:00:00,Trump lawyer told Justice Department classified material had been returned
2022/08/14  00:00:00,We have cameras monitoring oil production nationwide NNPC
2022/08/14  00:00:00,Load REDUCTIONS implemented on SUNDAY-  find your schedule here
2022/08/14  00:00:00,Shooters compete in 'Montana Governor's 20'
2022/08/14  00:00:00,China calls for India to reiterate its one-China policy
2022/08/14  00:00:00,"Taiwan monitors new Chinese military movements, and Beijing publishes photos of naval exercises"
2022/08/14  00:00:00,Egyptian delegation to visit Israel to discuss terrorists' release
2022/08/14  00:00:00,"In a 1st, Pakistan to attend SCO counter-terror drills in India"
2022/08/14  00:00:00,Australia calls for US-China to keep climate talks ring-fenced from Taiwan tensions
2022/08/14  00:00:00,Betelgeuse Blew Its Top: Hubble Sees Red Supergiant Star Bouncing After Catastrophic Upheaval
2022/08/14  00:00:00,"Two Grabbed Over Stolen Pump Action Gun, Assorted Phones, And Cash"
2022/08/14  00:00:00,HISD holds Q&A session on school safety
2022/08/14  00:00:00,"Live blog: Ukraine 'targeting' Russians shooting at, or from nuclear plant"
2022/08/14  00:00:00,Fed-up Iraqis Say Feuding Political Rivals 'in Another World'
2022/08/14  00:00:00,LG starts Har Ghar Tiranga campaign
2022/08/14  00:00:00,State by state: Abortion laws across the U.S.
2022/08/14  00:00:00,Postscripts: 80s real estate mogul who owned White Caps found Jesus after market crash
2022/08/14  00:00:00,We have cameras monitoring oil production nationwide NNPC
2022/08/14  00:00:00,Photos: Pure Water Days Parade and River Fest
2022/08/14  00:00:00,Overarch deck of Chenab Rly bridge in  Reasi completed with golden joint
2022/08/14  00:00:00,Biman lashes out at the A-G for comments
2022/08/14  00:00:00,Flynn rouses crowd to 'not take it any more'
2022/08/14  00:00:00,"American Pickers: Mike Wolfes Ex-Wife, Jodi Faeth, Earns Royalties Until 2026"
2022/08/14  00:00:00,Doyen of psychiatry Prof Dr M. Parameshvara Deva passes on
2022/08/14  00:00:00,From The Heart Of The People
2022/08/14  00:00:00,"Tinubu: APC will run issue-based campaign, says Keyamo"
2022/08/14  00:00:00,'I follow a different person every day': using strangers to explore the city
2022/08/14  00:00:00,Authorities are expected to attack drug bill
2022/08/14  00:00:00,Review: K-tech suspension upgrade for KTM 790 Duke
2022/08/14  00:00:00,"Zaporizhzhia, the Nuclear Plant in the Eye of the War in Ukraine"
2022/08/14  00:00:00,A new MAGA: Mothers Against Greg Abbott mobilizes against the incumbent governor seeking a 3rd term
2022/08/14  00:00:00,Chancellor Of Germany Olaf Scholz To Visit Canada
2022/08/14  00:00:00,Ashley Church: Government Tax U-Turn or half U-turn only for the real rich
2022/08/14  00:00:00,Russian Media Claims That They Have Read the Nuclear Secrets Stored at Mar-a-Lago
2022/08/14  00:00:00,Egyptian delegation to visit Israel to discuss terrorists' release
2022/08/14  00:00:00,Postscripts: 80s real estate mogul who owned White Caps found Jesus after market crash
2022/08/14  00:00:00,"Live blog: Ukraine 'targeting' Russians shooting at, or from nuclear plant"
2022/08/14  00:00:00,DA provides details of Rushdie attacker's moves; agent confirms author off ventilator and awake
2022/08/14  00:00:00,Trump lawyer claimed no classified material was at Mar-a-Lago in signed letter to Justice Department
2022/08/14  00:00:00,St Leger aim for Cups entries
2022/08/14  00:00:00,Rig on its way to South Africa to spud exploration well
2022/08/14  00:00:00,The WaPo Has Trump Now: The Walls Are Closing In!
2022/08/14  00:00:00,Former Pendleton Flour Mills grain operations chief assesses impact of fire
2022/08/14  00:00:00,From The Heart Of The People
2022/08/14  00:00:00,Authorities are expected to attack drug bill
2022/08/14  00:00:00,State by state: Abortion laws across the U.S.
2022/08/14  00:00:00,Boat of missing Naples doctor brought back to shore
2022/08/14  00:00:00,"Zaporizhzhia, the Nuclear Plant in the Eye of the War in Ukraine"
2022/08/14  00:00:00,Sinn Fin says PRSI rate is out of line and businesses know it will increase
2022/08/14  00:00:00,Gujarat: Suspended cop spreads provocative messages
2022/08/14  00:00:00,Trump lawyer told Justice Department classified material had been returned
2022/08/14  00:00:00,A new MAGA: Mothers Against Greg Abbott mobilizes against the incumbent governor seeking a 3rd term
2022/08/14  00:00:00,Egyptian delegation to visit Israel to discuss terrorists' release
2022/08/14  00:00:00,Chancellor Of Germany Olaf Scholz To Visit Canada
2022/08/14  00:00:00,DA provides details of Rushdie attacker's moves; agent confirms author off ventilator and awake
2022/08/14  00:00:00,"Live blog: Ukraine 'targeting' Russians shooting at, or from nuclear plant"
2022/08/14  00:00:00,"ORourke greeted by big crowd at Gainesville church; speech targets better healthcare, pay for teachers, abortion access"
2022/08/14  00:00:00,Doyen of psychiatry Prof Dr M. Parameshvara Deva passes on
2022/08/14  00:00:00,"In a 1st, Pakistan to attend SCO counter-terror drills in India"
2022/08/14  00:00:00,Search - Tamela Mann :: The Master Plan
2022/08/14  00:00:00,"Oregon State researchers find regional differences in hops and resulting beer flavors, aromas"
2022/08/14  00:00:00,Exclusive Chuck Grassley: Senate to Investigate Mar-a-Lago Raid if GOP Takes Majority
2022/08/14  00:00:00,Shooters compete in 'Montana Governor's 20'
2022/08/14  00:00:00,Betelgeuse Blew Its Top: Hubble Sees Red Supergiant Star Bouncing After Catastrophic Upheaval
2022/08/14  00:00:00,Portsmouth Humane Society now offering field trip program for shelter dogs
2022/08/14  00:00:00,"Taiwan monitors new Chinese military movements, and Beijing publishes photos of naval exercises"
2022/08/14  00:00:00,Trump lawyer claimed no classified material was at Mar-a-Lago in signed letter to Justice Department
2022/08/14  00:00:00,"Ukraine live updates: State sponsor of terrorism label would mark 'point of no return,' Russia says"
2022/08/14  00:00:00,"Somerset event draws vendors, others seeking 'anything antique'"
2022/08/14  00:00:00,Chancellor Of Germany Olaf Scholz To Visit Canada
2022/08/14  00:00:00,Secretary Blinkens Call with Kenyan President Kenyatta
2022/08/14  00:00:00,DA provides details of Rushdie attacker's moves; agent confirms author off ventilator and awake
2022/08/14  00:00:00,Fed-up Iraqis Say Feuding Political Rivals 'in Another World'
2022/08/14  00:00:00,My neighbor FVR: From soldier to president
2022/08/14  00:00:00,Review: K-tech suspension upgrade for KTM 790 Duke
2022/08/14  00:00:00,"ORourke greeted by big crowd at Gainesville church; speech targets better healthcare, pay for teachers, abortion access"
2022/08/14  00:00:00,HISD holds Q&A session on school safety
2022/08/14  00:00:00,Rick Steelhammer: Webb Space Telescope image never sausage a thing
2022/08/14  00:00:00,Trump lawyer told Justice Dept. that classified material had been returned
2022/08/14  00:00:00,A new MAGA: Mothers Against Greg Abbott mobilizes against the incumbent governor seeking a 3rd term
2022/08/14  00:00:00,FBI forensic report concludes Alec Baldwin pulled trigger on 'Rust' set: report
2022/08/14  00:00:00,"Ukraine targeting Russians shooting at, or from nuclear plant"
2022/08/14  00:00:00,'I follow a different person every day': using strangers to explore the city
2022/08/14  00:00:00,US Consulate Issues Shelter-In-Place Order As Cartel Battles Ravage Northern Mexico
2022/08/14  00:00:00,Governor Ducey starts building a makeshift border wall in Arizona
2022/08/14  00:00:00,State by state: Abortion laws across the U.S.
2022/08/14  00:00:00,Ashley Church: Government Tax U-Turn or half U-turn only for the real rich
2022/08/14  00:00:00,Trump lawyer claimed no classified material was at Mar-a-Lago in signed letter to Justice Department
2022/08/14  00:00:00,UFC San Diego Bonus Report: Marlon Vera pockets $50k for knocking out Dominick Cruz
2022/08/14  00:00:00,Robot dogs to patrol Cape Canaveral Space Force Station
2022/08/14  00:00:00,Australia calls for US-China to keep climate talks ring-fenced from Taiwan tensions
2022/08/14  00:00:00,"'Indian ship used to reroute Russian-linked fuel to New York,' US tells India"
2022/08/14  00:00:00,"Huffs and Puffs of Nigerias Foreign Policy Misdirection:ECOWAS, Liberia and Nigers Braggadocio"
2022/08/14  00:00:00,"ORourke greeted by big crowd at Gainesville church; speech targets better healthcare, pay for teachers, abortion access"
2022/08/14  00:00:00,SAF reviewing parachute jumps after Red Lion injury at NDP: Ng Eng Hen
2022/08/14  00:00:00,Russian Media Claims That They Have Read the Nuclear Secrets Stored at Mar-a-Lago
2022/08/14  00:00:00,Trump lawyer told Justice Dept. that classified material had been returned
2022/08/14  00:00:00,El Rufai: Letter From the Front Line
2022/08/14  00:00:00,"Taiwan monitors new Chinese military movements, and Beijing publishes photos of naval exercises"
2022/08/14  00:00:00,From passenger to pilot: subbing in as Parliament chair
2022/08/14  00:00:00,Iran hosts Intl. Construction Industry Show
2022/08/14  00:00:00,The WaPo Has Trump Now: The Walls Are Closing In!
2022/08/14  00:00:00,Anshu Jain: Indian Banker Who Took Deutsche Bank Global
2022/08/14  00:00:00,Salman Rushdie Taken Off Ventilator After Attack At New York Event: Report
2022/08/14  00:00:00,State by state: Abortion laws across the U.S.
2022/08/14  00:00:00,DA provides details of Rushdie attacker's moves; agent confirms author off ventilator and awake
2022/08/14  00:00:00,"From Cheney friend to foe, Harriet Hageman takes command of Wyoming race animated by Trump"
2022/08/14  00:00:00,Governor Ducey starts building a makeshift border wall in Arizona
2022/08/14  00:00:00,A New Jailbreak for John Deere Tractors Rides the Right-to-Repair Wave
2022/08/14  00:00:00,JOHN KIRIAKOU: J Edgar Hoovers Evil Brainchild
2022/08/14  00:00:00,Tuscaloosa Set To Consider Medical Marijuana Dispensary Ordinance
2022/08/14  00:00:00,"Huffs and Puffs of Nigerias Foreign Policy Misdirection:ECOWAS, Liberia and Nigers Braggadocio"
2022/08/14  00:00:00,Rogue Militias: Rival Iraq Protests Showcase Irans Grip
2022/08/14  00:00:00,Helena dogs gather for Bark in the Park
2022/08/14  00:00:00,Russian Media Claims That They Have Read the Nuclear Secrets Stored at Mar-a-Lago
2022/08/14  00:00:00,El Rufai: Letter From the Front Line
2022/08/14  00:00:00,Japan Pediatric Society recommends COVID shots for 5- to 17-yr-olds
2022/08/14  00:00:00,US said Russia oil refined in India is making it to American companies: RBI deputy governor
2022/08/14  00:00:00,"Music Reissues Weekly: The Telstar Story, The Heinz Sessions Vol. 1"
2022/08/14  00:00:00,Utah 4-H kids auction off livestock to go to Utah Food Bank
2022/08/14  00:00:00,My neighbor FVR: From soldier to president
2022/08/14  00:00:00,"Entertainment Netflix Series On Indrani Mukerjea Released, HC Pulls Down CBI Request Seeking Stay"
2022/08/14  00:00:00,DA provides details of Rushdie attacker's moves; agent confirms author off ventilator and awake
2022/08/14  00:00:00,Second in CommandGeneral Akhtar Abdul Rehman Khan
2022/08/14  00:00:00,Mainly Hispanic pro-Trump caravan rides from Hialeah to Mar-a-Lago
2022/08/14  00:00:00,Pakistan: from alliances to the multipolar world
2022/08/14  00:00:00,Running aground: The Revolutionary Communist Party (US) and Stalinism
2022/08/14  00:00:00,"All Eyes on INEC over Lawan,Akpabios Ambitions"
2022/08/14  00:00:00,Mapping the conditions of women and children in Pakistan
2022/08/14  00:00:00,"Huffs and Puffs of Nigerias Foreign Policy Misdirection:ECOWAS, Liberia and Nigers Braggadocio"
2022/08/14  00:00:00,Cost of living: Keir Starmer set to call for energy price cap freeze
2022/08/14  00:00:00,Taliban start leaving Swat after talks
2022/08/14  00:00:00,"Psychedelics, cancer cure on Twiggys radar through new VC fund"
2022/08/14  00:00:00,Nearly 3L disputes settled in lok adalats
2022/08/14  00:00:00,Tuscaloosa Set To Consider Medical Marijuana Dispensary Ordinance
2022/08/14  00:00:00,Elite developed other countries with stolen money  Fadahunsi
2022/08/14  00:00:00,"Bexar County education, law enforcement leaders discuss school safety and security"
2022/08/14  00:00:00,My neighbor FVR: From soldier to president
2022/08/14  00:00:00,Dozen banks hold about 60pc default loans
2022/08/14  00:00:00,Large-scale solar installation proposal roils east Allen County
2022/08/14  00:00:00,Karnataka: Probe BJP workers outburst Nalin Kumar Kateel
2022/08/14  00:00:00,CM orders restoration of road links
2022/08/14  00:00:00,NYT: Trump lawyer told DOJ classified material was returned
2022/08/14  00:00:00,"Author Salman Rushdie taken off ventilator, could resume talking"
2022/08/14  00:00:00,Call for Review of Oil Pipeline Surveillance Contracts
2022/08/14  00:00:00,"Huffs and Puffs of Nigerias Foreign Policy Misdirection:ECOWAS, Liberia and Nigers Braggadocio"
2022/08/14  00:00:00,Waikato Regional Council hunting for rook sightings
2022/08/14  00:00:00,El Rufai: Letter From the Front Line
2022/08/14  00:00:00,JOHN KIRIAKOU: J Edgar Hoovers Evil Brainchild
2022/08/14  00:00:00,Charles Manson wrote Sharon Tate's sister letter from prison branding himself an 'outlaw' who wouldn't 'rat' on accomplices - but included map with 'x' that may mark burial grounds
2022/08/14  00:00:00,Running aground: The Revolutionary Communist Party (US) and Stalinism
2022/08/14  00:00:00,"Author Salman Rushdie taken off ventilator, able to speak"
2022/08/14  00:00:00,Britain: Tory candidates push antiChina cold war
2022/08/14  00:00:00,"All Eyes on INEC over Lawan,Akpabios Ambitions"
2022/08/14  00:00:00,Tuscaloosa Set To Consider Medical Marijuana Dispensary Ordinance
2022/08/14  00:00:00,"India News | Cornered, Uddhav-led Sena Targets CM Shinde for 'bowing Before Delhi Rulers', Harps on Maharashtra Pride"
2022/08/14  00:00:00,UFC San Diego Bonus Report: Marlon Vera pockets $50k for knocking out Dominick Cruz
2022/08/14  00:00:00,harvest in architecture: interview with SUEP. on their exhibition at TOTO GALLERYMA
2022/08/14  00:00:00,Utah 4-H kids auction off livestock to go to Utah Food Bank
2022/08/14  00:00:00,Flight Tracking Exposure Irks Tycoons And Baddies
2022/08/14  00:00:00,Behind the reporting: 'These are the kinds of stories that demand an epilogue'
2022/08/14  00:00:00,Hundreds migrate from out of town for Trump rally outside Mar-a-Lago
2022/08/14  00:00:00,"Entertainment Netflix Series On Indrani Mukerjea Released, HC Pulls Down CBI Request Seeking Stay"
2022/08/14  00:00:00,Mainly Hispanic pro-Trump caravan rides from Hialeah to Mar-a-Lago
2022/08/14  00:00:00,NYT: Trump lawyer told DOJ classified material was returned
2022/08/14  00:00:00,Trump lawyer claimed no classified material was at Mar-a-Lago in signed letter to Justice Department
2022/08/14  00:00:00,Running aground: The Revolutionary Communist Party (US) and Stalinism
2022/08/14  00:00:00,"Well meet at the Hague  Ortom replies Miyetti Allah, demands compensation for killings in Benue"
2022/08/14  00:00:00,"Sri Lanka allows Pakistani warship, Chinese recon vessel to dock in its ports, to get maritime patrol aircraft from India"
2022/08/14  00:00:00,Kaiser Mental Health Workers Set to Strike Monday
2022/08/14  00:00:00,"Rushdie attack a 'wake-up call' on Iran, says UK PM candidate Sunak"
2022/08/14  00:00:00,"Salman Rushdie off ventilator, talking: President of Chautauqua Institution"
2022/08/14  00:00:00,21 death and funeral notices from the Birmingham Mail
2022/08/14  00:00:00,Senegal pitches its gas as European option to Russia supply
2022/08/14  00:00:00,Ukraine targets Russians at nuclear plant
2022/08/14  00:00:00,"All Eyes on INEC over Lawan,Akpabios Ambitions"
2022/08/14  00:00:00,Patients kin create ruckus in SSG Hosp
2022/08/14  00:00:00,'A promise is a promise' | Family of Vanessa Guillen files $35M lawsuit vs. government
2022/08/14  00:00:00,Call for Review of Oil Pipeline Surveillance Contracts
2022/08/14  00:00:00,Flight Tracking Exposure Irks Tycoons And Baddies
2022/08/14  00:00:00,"India News | Cornered, Uddhav-led Sena Targets CM Shinde for 'bowing Before Delhi Rulers', Harps on Maharashtra Pride"
2022/08/14  00:00:00,Britain: Tory candidates push antiChina cold war
2022/08/14  00:00:00,Chechen leader says more volunteers depart to Ukraine
2022/08/14  00:00:00,Running aground: The Revolutionary Communist Party (US) and Stalinism
2022/08/14  00:00:00,harvest in architecture: interview with SUEP. on their exhibition at TOTO GALLERYMA
2022/08/14  00:00:00,Charles Manson wrote Sharon Tate's sister letter from prison branding himself an 'outlaw' who wouldn't 'rat' on accomplices - but included map with 'x' that may mark burial grounds
2022/08/14  00:00:00,SHC orders retrieval of school land
2022/08/14  00:00:00,"Salman Rushdie off ventilator, talking: President of Chautauqua Institution"
2022/08/14  00:00:00,Visit to NPP may allow IAEA to name those responsible for shelling  Russian diplomat
2022/08/14  00:00:00,21 death and funeral notices from the Birmingham Mail
2022/08/14  00:00:00,Scott Hollifield: This one goes out to Olivia Newton-John
2022/08/14  00:00:00,Ukraine targets Russians at nuclear plant
2022/08/14  00:00:00,Large-scale solar installation proposal roils east Allen County
2022/08/14  00:00:00,"Well meet at the Hague  Ortom replies Miyetti Allah, demands compensation for killings in Benue"
2022/08/14  00:00:00,"Sri Lanka allows Pakistani warship, Chinese recon vessel to dock in its ports, to get maritime patrol aircraft from India"
2022/08/14  00:00:00,Taliban start leaving Swat after talks
2022/08/14  00:00:00,Avantikas new service for digital presses - The Noel DCunha Sunday Column
2022/08/14  00:00:00,KC Voices: Reflections on the Value them Both results from two sides
2022/08/14  00:00:00,Second in CommandGeneral Akhtar Abdul Rehman Khan
2022/08/14  00:00:00,"Rushdie attack a 'wake-up call' on Iran, says UK PM candidate Sunak"
2022/08/14  00:00:00,"Lynne Mishele, whose house was crashed into by Anne Heche has something to say"
2022/08/14  00:00:00,"Bexar County education, law enforcement leaders discuss school safety and security"
2022/08/14  00:00:00,"India News | Cornered, Uddhav-led Sena Targets CM Shinde for 'bowing Before Delhi Rulers', Harps on Maharashtra Pride"
2022/08/14  00:00:00,Iraq receives 50 IS prisoners from Syria
2022/08/14  00:00:00,"Impact to Seattle-area hospitals, community after 9 shot in 5 separate incidents"
2022/08/14  00:00:00,Ukraine updates: 10 Russian planes stuck in Germany
2022/08/14  00:00:00,Winds expected to cause wildfire to spread in southeastern B.C.: BC Wildfire Service
2022/08/14  00:00:00,Patients kin create ruckus in SSG Hosp
2022/08/14  00:00:00,Opioid Court: Oregon to receive $330 million in settlement funds
2022/08/14  00:00:00,COLUMN: Challenges of public school funding
2022/08/14  00:00:00,"Sri Lanka allows Pakistani warship, Chinese recon vessel to dock in its ports, to get maritime patrol aircraft from India"
2022/08/14  00:00:00,Taliban start leaving Swat after talks
2022/08/14  00:00:00,"0814 Chronicle week in review: Scallop limits, low ratings for local hospitals, looking for kin of Lida Martin and DJ Trae gets the party started"
2022/08/14  00:00:00,Navi Mumbai: Session on 'science-based society' with scientist Dr Raghunath Mashelkar today at Vashi
2022/08/14  00:00:00,Chiavari Chairs vs. Other Seating Options
2022/08/14  00:00:00,Red Cross: People between ages 25 and 40 donate blood the least
2022/08/14  00:00:00,Guwahati Municipal Corporation ties up with APDCL to identify land-holders
2022/08/14  00:00:00,"Mali PM on forced rest, his office says"
2022/08/14  00:00:00,"Pakuri villagers hosted in city by UN, Canadian High Commission"
2022/08/14  00:00:00,"Well meet at the Hague  Ortom replies Miyetti Allah, demands compensation for killings in Benue"
2022/08/14  00:00:00,Iraq receives 50 IS prisoners from Syria
2022/08/14  00:00:00,Xi replies to letter from grassroots heroes
2022/08/14  00:00:00,"Woman, 23, moves into home with zombie doll wife, children and alien doll boyfriend"
2022/08/14  00:00:00,8 truckloads of food packages hander over to Afghans
2022/08/14  00:00:00,"Listening to the people: Beth Macy on the opioids crisis and her Dopesick sequel, Raising Lazarus"
2022/08/14  00:00:00,SHC orders retrieval of school land
2022/08/14  00:00:00,Scott Hollifield: This one goes out to Olivia Newton-John
2022/08/14  00:00:00,'A promise is a promise' | Family of Vanessa Guillen files $35M lawsuit vs. government
2022/08/14  00:00:00,"Sri Lanka allows Pakistani warship, Chinese recon vessel to dock in its ports, to get maritime patrol aircraft from India"
2022/08/14  00:00:00,"Salman Rushdie off ventilator, talking: President of Chautauqua Institution"
2022/08/14  00:00:00,Thailand-China Falcon Strike 2022 air force drill kicks off today
2022/08/14  00:00:00,Second in CommandGeneral Akhtar Abdul Rehman Khan
2022/08/14  00:00:00,"India News | Cornered, Uddhav-led Sena Targets CM Shinde for 'bowing Before Delhi Rulers', Harps on Maharashtra Pride"
2022/08/14  00:00:00,Azerbaijani Servicemen Take Part In Drills In Trkiye
2022/08/14  00:00:00,Patients kin create ruckus in SSG Hosp
2022/08/14  00:00:00,"Pakuri villagers hosted in city by UN, Canadian High Commission"
2022/08/14  00:00:00,Dimopoulos announces ALWAYS LIVE Program via Arts Centre Melbourne
2022/08/14  00:00:00,"Evangeline Pardasie, 23, finds her future in oil, gas sector"
2022/08/14  00:00:00,J-K: LG Manoj Sinha leads Tiranga rally organised by BSF in Srinagar
2022/08/14  00:00:00,Assistant FM meets Iranian Deputy FM
2022/08/14  00:00:00,"U.S. Coast Guard participating in Operation Island Chief, Operation Blue Pacific 2022"
2022/08/14  00:00:00,Alpine battles: Swiss sheep fight invasive shrub
2022/08/14  00:00:00,Asanteman Walk For Alan Non Political- Hon Kwame Asafo Adjei
2022/08/14  00:00:00,Send a boy in to do a mans job: Elliott launches fresh attack on Kean
2022/08/14  00:00:00,PM Modi using traumatic events of partition as fodder for his political battles: Congress
2022/08/14  00:00:00,Chattanooga Is Main Stopping Point For Buses Carrying Migrants Sent North By Texas Governor
2022/08/14  00:00:00,Maruti Suzuki Grand Vitara Drive; Initial on track experience
2022/08/14  00:00:00,Chiavari Chairs vs. Other Seating Options
2022/08/14  00:00:00,"Sindhu Central University, University Of Ladakh to work co-actively: Cetral govt"
2022/08/14  00:00:00,COLUMN: Challenges of public school funding
2022/08/14  00:00:00,Leamington war hero William Amey to have grave rededicated
2022/08/14  00:00:00,Breaking The '8' Requires Unity - Dr Adutwum To NPP Members
2022/08/14  00:00:00,GOP Stirs Up Opposition to FBI as They Rally Behind Trump
2022/08/14  00:00:00,"Democrats of Kent County to host meet and greet with clerk of court, school board, commissioner candidates (copy)"
2022/08/14  00:00:00,J-K: LG Manoj Sinha leads Tiranga rally organised by BSF in Srinagar
2022/08/14  00:00:00,Harbour Master captain claims Grenadian champ was aggressor
2022/08/14  00:00:00,Baker signs pot law limiting fees
2022/08/14  00:00:00,"Denmarks Hans Blling on his playful, enduring designs"
2022/08/14  00:00:00,Varadkar: Sinn Fein will cause return of forced emigration
2022/08/14  00:00:00,LCCI Urges FG to Tackle Crises in Aviation Sector
2022/08/14  00:00:00,Alpine battles: Swiss sheep fight invasive shrub
2022/08/14  00:00:00,Getty Museum to Return Objects to Italy
2022/08/14  00:00:00,"Jail site, Sarah Bowker memories, Rokita's posturing"
2022/08/14  00:00:00,"Nirmala Sitharaman, Gautam Adani, others react to Rakesh Jhunjhunwala's demise"
2022/08/14  00:00:00,Tanel Kiik to become Tallinn Deputy Mayor
2022/08/14  00:00:00,Red Cross: People between ages 25 and 40 donate blood the least
2022/08/14  00:00:00,Ukraine updates: 10 Russian planes stuck in Germany
2022/08/14  00:00:00,'A promise is a promise' | Family of Vanessa Guillen files $35M lawsuit vs. government
2022/08/14  00:00:00,"The strings theory: Tree rings reveal how Antonio Stradivari created rare, namesake violins"
2022/08/14  00:00:00,Ceredigion Invictus Lions Clubs fundraising venture
2022/08/14  00:00:00,Four Sri Lankans Arrive In Tamil Nadu On Illegal Vessel
2022/08/14  00:00:00,Legal Perspective: Details emerge about fed infrastructure funds
2022/08/14  00:00:00,Column: Don Wooten says Davenport's deal with rail company was a simple bribe
2022/08/14  00:00:00,GOP Stirs Up Opposition to FBI as They Rally Behind Trump
2022/08/14  00:00:00,Varadkar: Sinn Fein will cause return of forced emigration
2022/08/14  00:00:00,"Talbot appoints police accountability board, administrative charging committee"
2022/08/14  00:00:00,LETTER TO THE EDITOR: Lessons from 1984
2022/08/14  00:00:00,Mary Trump speculates that Jared Kushner could be the 'Mar-a-Lago mole' after reports say an informant close to Trump guided FBI agents to the documents
2022/08/14  00:00:00,'Black Phantom' Travis Scott x Air Jordan 1 Low Releases Tomorrow
2022/08/14  00:00:00,Harbour Master captain claims Grenadian champ was aggressor
2022/08/14  00:00:00,Send a boy in to do a mans job: Elliott launches fresh attack on Kean
2022/08/14  00:00:00,LCCI Urges FG to Tackle Crises in Aviation Sector
2022/08/14  00:00:00,Woman at the Top  Dolapo Osinbajo at 55
2022/08/14  00:00:00,KC Voices: Reflections on the Value them Both results from two sides
2022/08/14  00:00:00,"Ireland's sailing, boating & maritime magazine"
2022/08/14  00:00:00,Azerbaijani Servicemen Take Part In Drills In Trkiye
2022/08/14  00:00:00,"Impact to Seattle-area hospitals, community after 9 shot in 5 separate incidents"
2022/08/14  00:00:00,"Woman, 23, moves into home with zombie doll wife, children and alien doll boyfriend"
2022/08/14  00:00:00,What's in a Name: Long Family Memorial Park
2022/08/14  00:00:00,GOP Stirs Up Opposition to FBI as They Rally Behind Trump
2022/08/14  00:00:00,Youths vehicle for development  Osun governors aide
2022/08/14  00:00:00,Havasu veterans  |   John Hanks:Still on a mission
2022/08/14  00:00:00,"Marine researchers engage Peleliu students, PICRC brings hands-on experience to school"
2022/08/14  00:00:00,"Macron Signs Protocols on Accession of Finland, Sweden to NATO"
2022/08/14  00:00:00,Ukraine updates: 10 Russian planes stuck in Germany
2022/08/14  00:00:00,Taliban Fighters Swap Arms for Books as Hundreds Return to School
2022/08/14  00:00:00,Premiere Night Progress | Vandermeer's View
2022/08/14  00:00:00,Laxalt consistently ignoring Cortez in Nevada senators lastname
2022/08/14  00:00:00,20-40-100 Years Ago  Aug. 14
2022/08/14  00:00:00,Baker signs pot law limiting fees
2022/08/14  00:00:00,West Columbia apartments get facelift courtesy of GLO
2022/08/14  00:00:00,"Talbot appoints police accountability board, administrative charging committee"
2022/08/14  00:00:00,Saleh Stevens Of Continental Clinical Solutions Featured By Influential People Magazine
2022/08/14  00:00:00,Saudi Arabia: Worshipers can stay for only 10 minutes inside Rawdah Sharif
2022/08/14  00:00:00,IRSC Libraries and ASC Fall Events & Updates
2022/08/14  00:00:00,"Ireland's sailing, boating & maritime magazine"
2022/08/14  00:00:00,Legal Perspective: Details emerge about fed infrastructure funds
2022/08/14  00:00:00,Liz Truss says Sinn Fin is 'trying to drive a wedge between Northern Ireland and Great Britain'
2022/08/14  00:00:00,LCCI Urges FG to Tackle Crises in Aviation Sector
2022/08/14  00:00:00,Albanian Farmer Feeds Coffee To Fields Amid Fertiliser Crunch
2022/08/14  00:00:00,"U.S. Coast Guard participating in Operation Island Chief, Operation Blue Pacific 2022"
2022/08/14  00:00:00,Ceredigion Invictus Lions Clubs fundraising venture
2022/08/14  00:00:00,Exploring Germany with Wim Wenders road movie trilogy
2022/08/14  00:00:00,"WNC History: Martin Luther King Jr.'s trips to Black Mountain, Montreat"
2022/08/14  00:00:00,"Phillip O'Brien: Hero dad, 35, restrains half-naked woman who shouted 'Allahu Akbar' and claimed to have explosives on flight"
2022/08/14  00:00:00,FBI: 'Rust' gun couldn't fire unless trigger was pulled
2022/08/14  00:00:00,"Amid Tejas Talks & China Chaos, Indian & Malaysian Su-30 Fighters To Participate In Udarashakti Air Force Drills"
2022/08/14  00:00:00,The larger legacy of Rushdies Satanic Verses
2022/08/14  00:00:00,Bloomfield to consider extending town managers contract. Heres what hes seeking.
2022/08/14  00:00:00,Read It and Reap: Authors share summer reading selections
2022/08/14  00:00:00,IRSC Libraries and ASC Fall Events & Updates
2022/08/14  00:00:00,These photos show who is (and isn't) included in the Taliban's Afghanistan
2022/08/14  00:00:00,Q&A: Anas Haqqani on one year of Taliban rule
2022/08/14  00:00:00,Warsaws Mt 5:14 Museum of John Paul II and Primate Wyszyski
2022/08/14  00:00:00,Foreign minister: Malaysia uses foreign funds to train Myanmar refugees
2022/08/14  00:00:00,Ship carrying first Ukraine grain cargo nears Syria -shipping sources
2022/08/14  00:00:00,Octogenarian to relive migration at rail station
2022/08/14  00:00:00,Endalkachew Mekonnens  Biography out on a CD
2022/08/14  00:00:00,Saleh Stevens Of Continental Clinical Solutions Featured By Influential People Magazine
2022/08/14  00:00:00,"Review: In 'Burning Questions,' Atwood probes in essays and occasional pieces"
2022/08/14  00:00:00,Couy Griffin back in court to fight for his job
2022/08/14  00:00:00,"Phillip O'Brien: Hero dad, 35, restrains half-naked woman who shouted 'Allahu Akbar' and claimed to have explosives on flight"
2022/08/14  00:00:00,Air Jordan 1 Mid Split Has Surfaced in Blue and White
2022/08/14  00:00:00,Young Bear Roaming Northwest Side Of Tucson Captured
2022/08/14  00:00:00,"WNC History: Martin Luther King Jr.'s trips to Black Mountain, Montreat"
2022/08/14  00:00:00,Former IDF Chief of Staff to join Gantz and Sa'ar
2022/08/14  00:00:00,FBI: 'Rust' gun couldn't fire unless trigger was pulled
2022/08/14  00:00:00,IRSC Libraries and ASC Fall Events & Updates
2022/08/14  00:00:00,Exploring Germany with Wim Wenders road movie trilogy
2022/08/14  00:00:00,Pushpa 2 Update: Vijay Sethupathi NOT a part of Allu Arjun-Rashmika Mandanna starrer
2022/08/14  00:00:00,Eastern Ontario doulas preparing clients for epidural shortage
2022/08/14  00:00:00,The larger legacy of Rushdies Satanic Verses
2022/08/14  00:00:00,Saudi Arabia: Worshipers can stay for only 10 minutes inside Rawdah Sharif
2022/08/14  00:00:00,Stacey Giggs and Max George had huge row where he called her fat and said Maisie Smith was fitter
2022/08/14  00:00:00,"Eisenkot, Kahana, Join Gantz & Saar, May Clip Lapids Mandates"
2022/08/14  00:00:00,THE VOICE OF VIETNAM - VOV World
2022/08/14  00:00:00,20-40-100 Years Ago  Aug. 14
2022/08/14  00:00:00,Q&A: Anas Haqqani on one year of Taliban rule
2022/08/14  00:00:00,Warsaws Mt 5:14 Museum of John Paul II and Primate Wyszyski
2022/08/14  00:00:00,"Ukraine War, Day 172: Zelenskiy Responds to Russia Nuclear Blackmail"
2022/08/14  00:00:00,Saleh Stevens Of Continental Clinical Solutions Featured By Influential People Magazine
2022/08/14  00:00:00,Ship carrying first Ukraine grain cargo nears Syria -shipping sources
2022/08/14  00:00:00,Former IDF Chief of Staff to join Gantz and Sa'ar
2022/08/14  00:00:00,The imaginary border line that became permanent
2022/08/14  00:00:00,Rakesh Jhunjhunwala: The RARE big bull; unabashed wealth creator sans big scam shadow
2022/08/14  00:00:00,Foreign minister: Malaysia uses foreign funds to train Myanmar refugees
2022/08/14  00:00:00,"Latvia, Estonia leave China-backed East Europe forum"
2022/08/14  00:00:00,"WNC History: Martin Luther King Jr.'s trips to Black Mountain, Montreat"
2022/08/14  00:00:00,Octogenarian to relive migration at rail station
2022/08/14  00:00:00,Endalkachew Mekonnens  Biography out on a CD
2022/08/14  00:00:00,Israels War on Gaza-based Palestinian Terrorists
2022/08/14  00:00:00,"Amid Tejas Talks & China Chaos, Indian & Malaysian Su-30 Fighters To Participate In Udarashakti Air Force Drills"
2022/08/14  00:00:00,Laxalt consistently ignoring Cortez in Nevada senators lastname
2022/08/14  00:00:00,KSITIL to be roped in as project management agency for new Infopark Kochi building
2022/08/14  00:00:00,The YouTube Tourists Serving Syrias Assad Regime
2022/08/14  00:00:00,Congresswoman visits Louisiana Youth Challenge Program
2022/08/14  00:00:00,The larger legacy of Rushdies Satanic Verses
2022/08/14  00:00:00,Exploring Germany with Wim Wenders road movie trilogy
2022/08/14  00:00:00,Warsaws Mt 5:14 Museum of John Paul II and Primate Wyszyski
2022/08/14  00:00:00,County engineer considering roundabout for yet another intersection
2022/08/14  00:00:00,Air force kicks off joint air force drills with China
2022/08/14  00:00:00,Flying saucer-shaped cloud floats above Hawaiian telescopes (photo)
2022/08/14  00:00:00,Q&A: Anas Haqqani on one year of Taliban rule
2022/08/14  00:00:00,Lapid: Whoever harms Israeli citizens has nowhere to hide
2022/08/14  00:00:00,Keesha Benson emphasizes education experience in Pinellas School Board bid
2022/08/14  00:00:00,Ship carrying first Ukraine grain cargo nears Syria -shipping sources
2022/08/14  00:00:00,"WNC History: Martin Luther King Jr.'s trips to Black Mountain, Montreat"
2022/08/14  00:00:00,Yale Professors Join Universiti Malaya Colleagues for Implementation Science Boot Camp
2022/08/14  00:00:00,Russia Exploits Japanese Restaurant's Brand In Propaganda Against Ukraine - Watchdog
2022/08/14  00:00:00,Read It and Reap: Authors share summer reading selections
2022/08/14  00:00:00,"Amid Tejas Talks & China Chaos, Indian & Malaysian Su-30 Fighters To Participate In Udarashakti Air Force Drills"
2022/08/14  00:00:00,Clal Insurance commits to buying credit card co Max
2022/08/14  00:00:00,"Ukraine War, Day 172: Zelenskiy Responds to Russia Nuclear Blackmail"
2022/08/14  00:00:00,"Review: In 'Burning Questions,' Atwood probes in essays and occasional pieces"
2022/08/14  00:00:00,Warsaws Mt 5:14 Museum of John Paul II and Primate Wyszyski
2022/08/14  00:00:00,THE VOICE OF VIETNAM - VOV World
2022/08/14  00:00:00,The YouTube Tourists Serving Syrias Assad Regime
2022/08/14  00:00:00,Israels War on Gaza-based Palestinian Terrorists
2022/08/14  00:00:00,The larger legacy of Rushdies Satanic Verses
2022/08/14  00:00:00,Walrus Freya who became attraction in Norway's Oslo Fjord put down
2022/08/14  00:00:00,Rice stock adequate for next two years before export: Jokowi
2022/08/14  00:00:00,Virginia Artist Iamderby Performs At AStop The Violence Festival And Says This!
2022/08/14  00:00:00,UM's Mansfield Center hosts 18 international scholars for summer program
2022/08/14  00:00:00,Car buyer's guide: Mazda 6 2.0 Standard
2022/08/14  00:00:00,Alabama working to repatriate Native American items once featured in exhibits
2022/08/14  00:00:00,Democratic PAC plans appeal over jury award to former Senate candidate Roy Moore
2022/08/14  00:00:00,Prince Charles persuaded Margaret Thatcher to give 3.5m to landowners
2022/08/14  00:00:00,Keesha Benson emphasizes education experience in Pinellas School Board bid
2022/08/14  00:00:00,"WNC History: Martin Luther King Jr.'s trips to Black Mountain, Montreat"
2022/08/14  00:00:00,"Mercury Capital puts FiftyFive5 in play, E&P researches buyers"
2022/08/14  00:00:00,"Restaurants, Food and Drink |   			The perfect smore is practically burned and a little salty"
2022/08/14  00:00:00,"US, China Hold Separate Military Drills in South-East Asia"
2022/08/14  00:00:00,UVic students craft mini satellite for space mission
2022/08/14  00:00:00,Fans tell Mampintsha to change his name
2022/08/14  00:00:00,Kansas City's hummus king brings together his entire family for Baba's Pantry
2022/08/14  00:00:00,Clal Insurance commits to buying credit card co Max
2022/08/14  00:00:00,"Rakesh Jhunjhunwala on comparison with Warren Buffett: 'He's far, far ahead'"
2022/08/14  00:00:00,Rookie trotting fillies continue Grassroots action
2022/08/14  00:00:00,Muslim League and the road to Partition | OPINION
2022/08/14  00:00:00,THE VOICE OF VIETNAM - VOV World
2022/08/14  00:00:00,"There's no escaping COVID, Bill Ervolino finds out"
2022/08/14  00:00:00,Yale Professors Join Universiti Malaya Colleagues for Implementation Science Boot Camp
2022/08/14  00:00:00,Report: Boustead CEO insists construction materials for littoral combat ships worth RM1.7b still usable
2022/08/14  00:00:00,Keesha Benson emphasizes education experience in Pinellas School Board bid
2022/08/14  00:00:00,Warsaws Mt 5:14 Museum of John Paul II and Primate Wyszyski
2022/08/14  00:00:00,"WNC History: Martin Luther King Jr.'s trips to Black Mountain, Montreat"
2022/08/14  00:00:00,Siddhant On 'Kho Gaye Hum Kahan': Bunch Of Cool Kids Making A Film
2022/08/14  00:00:00,Mila Kunis told Ashton Kutcher he was like a different guy with Vengeance mustache
2022/08/14  00:00:00,Young entrepreneurs selling their products Sunday at ARTS Community Center in Midlothian
2022/08/14  00:00:00,History with Phil: The life and times of Emperor Norton I
2022/08/14  00:00:00,Kansas City's hummus king brings together his entire family for Baba's Pantry
2022/08/14  00:00:00,Rice stock adequate for next two years before export: Jokowi
2022/08/14  00:00:00,UM's Mansfield Center hosts 18 international scholars for summer program
2022/08/14  00:00:00,"2 savor council wins, 2 others prepare for battle"
2022/08/14  00:00:00,Thane: Settlements worth Rs 169.76 crore made during National Lok Adalat
2022/08/14  00:00:00,Around the Empire: Yankees news - 8/14/22
2022/08/14  00:00:00,"Cruel royals must reinstate Harrys security before its too late, claims expert"
2022/08/14  00:00:00,"Iranian energy minister speaks with interim Afghan authorities on water,energy"
2022/08/14  00:00:00,Har Ghar Tiranga: Army organises Freedom Run in Agartala
2022/08/14  00:00:00,Guest column: A firefighter tradition that began in Auburn
2022/08/14  00:00:00,Virginia Artist Iamderby Performs At AStop The Violence Festival And Says This!
2022/08/14  00:00:00,Close Combat Lethality Task Force Hosts Artificial Intelligence for Small Unit Maneuver working group
2022/08/14  00:00:00,"Campaign appointment: Resign as minister, group urges Keyamo"
2022/08/14  00:00:00,"Nehru Out, Savarkar In - National Flag Ad In Karnataka Triggers Row"
2022/08/14  00:00:00,Muslim League and the road to Partition | OPINION
2022/08/14  00:00:00,"Priest responds after council clerk 'donates stolen 150,000 to church'"
2022/08/14  00:00:00,Alabama working to repatriate Native American items once featured in exhibits
2022/08/14  00:00:00,"Opposition getting scope to hold protests, let them"
2022/08/14  00:00:00,Kansas City's hummus king brings together his entire family for Baba's Pantry
2022/08/14  00:00:00,Democratic PAC plans appeal over jury award to former Senate candidate Roy Moore
2022/08/14  00:00:00,History with Phil: The life and times of Emperor Norton I
2022/08/14  00:00:00,"Miyetti Allah Drags Ortom to ICC for Seizing 25,000 Cows"
2022/08/14  00:00:00,Ghana National Held For Running Customs Clearance Racket
2022/08/14  00:00:00,Charla Huber: Langford mayor delivers medicine bags from Indigenous youth to children in Ukraine
2022/08/14  00:00:00,Car buyer's guide: Mazda 6 2.0 Standard
2022/08/14  00:00:00,Natya Vidya Bharathi title conferred on Sonal Mansingh in Visakhapatnam
2022/08/14  00:00:00,Rice stock adequate for next two years before export: Jokowi
2022/08/14  00:00:00,Guest column: A firefighter tradition that began in Auburn
2022/08/14  00:00:00,Primary observations: Breaking down a seismic shift in Tallahassee politics | Jon Ausman
2022/08/14  00:00:00,"US congressional delegation to visit Taiwan from Sunday, says statement"
2022/08/14  00:00:00,Wisconsin Assembly Speaker Fires 2020 Election Investigator
2022/08/14  00:00:00,US congressional delegation visits Taiwan on heels of Pelosi trip
2022/08/14  00:00:00,Muslim League and the road to Partition | OPINION
2022/08/14  00:00:00,Alabama working to repatriate Native American items once featured in exhibits
2022/08/14  00:00:00,Report: Boustead CEO insists construction materials for littoral combat ships worth RM1.7b still usable
2022/08/14  00:00:00,"Entertainment Netflix Series On Indrani Mukerjea Released, HC Pulls Down CBI Request Seeking Stay"
2022/08/14  00:00:00,Texas taking public donations to fund migrants buses to NYC and DC
2022/08/14  00:00:00,More U.S. Lawmakers Visit Taiwan 12 Days After Pelosi Trip
2022/08/14  00:00:00,"Congress: Tokuda, Schatz And Case Prevail In Democratic Primary"
2022/08/14  00:00:00,Trump lawyer told officials secret documents had been returned
2022/08/14  00:00:00,NBC covers for Palestinian Islamic Jihad
2022/08/14  00:00:00,Democratic PAC plans appeal over jury award to former Senate candidate Roy Moore
2022/08/14  00:00:00,"Cruel royals must reinstate Harrys security before its too late, claims expert"
2022/08/14  00:00:00,"China's Xinhua News Agency, air force - AP FILE.jpeg"
2022/08/14  00:00:00,Charla Huber: Langford mayor delivers medicine bags from Indigenous youth to children in Ukraine
2022/08/14  00:00:00,"2 savor council wins, 2 others prepare for battle"
2022/08/14  00:00:00,Stretching monkeypox vaccines; NYT spotlights Philly violence; RIP chef Jim Burke | Sunday roundup
2022/08/14  00:00:00,Campus Connection: Jen Olson is back at MSC Southeast
2022/08/14  00:00:00,"Rebuild, restore, redecorate: Plans to rebuild Niceville ECCAC coming together | Guestview"
2022/08/14  00:00:00,"Sen. Ed Markey leads US delegation to Taiwan, 12 days after Pelosi trip"
2022/08/14  00:00:00,"Apple makes a CarPlay for more of your dashboard, more of your data"
2022/08/14  00:00:00,Greaves Cotton exploring export opportunities for electric 2-wheelers
2022/08/14  00:00:00,(Hello Africa) Acupuncture bridges China-Uganda ties
2022/08/14  00:00:00,History with Phil: The life and times of Emperor Norton I
2022/08/14  00:00:00,Kansas City's hummus king brings together his entire family for Baba's Pantry
2022/08/14  00:00:00,Will take up issue of media crackdown in campaign across Pakistan: Imran Khan
2022/08/14  00:00:00,"Entertainment Netflix Series On Indrani Mukerjea Released, HC Pulls Down CBI Request Seeking Stay"
2022/08/14  00:00:00,Wounded Indiana officer's K-9 partner staying with former handler
2022/08/14  00:00:00,NDLEA Uncovers 442 Parcels of Crystal Meth in Heads of Smoked Fish
2022/08/14  00:00:00,UM's Mansfield Center hosts 18 international scholars for summer program
2022/08/14  00:00:00,Rand Paul calls for repeal of Espionage Act amid DOJ investigation into Trump taking classified documents to Mar-a-Lago
2022/08/14  00:00:00,Marcos: Philippines may import smaller amount of sugar in October
2022/08/14  00:00:00,Secrets of an ancient horse of the Yukon
2022/08/14  00:00:00,"Airborne 08.12.22: Snowbird Grounding, AEA 2Q Report, Paul Allens Warbirds"
2022/08/14  00:00:00,Punjab: Two grab 10 kanal land with help of an imposter
2022/08/14  00:00:00,KILDARE TV COLUMN: Goslings no Bond-in-waiting in Netflixs The Gray Man
2022/08/14  00:00:00,US congressional delegation visits Taiwan on heels of Pelosi trip
2022/08/14  00:00:00,News Malevolent Spirits: Mononogatari Anime Casts Reina Ueda
2022/08/14  00:00:00,"Scindia, several airlines remember Rakesh Jhunjhunwala"
2022/08/14  00:00:00,National Police Reserve recovers more than 300 weapons assigned to deceased officers.
2022/08/14  00:00:00,Museum Matters: Living Legacy Fall Trade Fair
2022/08/14  00:00:00,"Sen. Ed Markey leads US delegation to Taiwan, 12 days after Pelosi trip"
2022/08/14  00:00:00,Hospital for organ transplant in Kozhikode
2022/08/14  00:00:00,University boots 15 government workers off honours course
2022/08/14  00:00:00,"Entertainment Netflix Series On Indrani Mukerjea Released, HC Pulls Down CBI Request Seeking Stay"
2022/08/14  00:00:00,Leo Varadkar takes aim at Sinn Fin during Arthur Griffith and Michael Collins commemoration
2022/08/14  00:00:00,Here's the Person Who Got Left Off the Passenger Manifest on Pelosi's Taiwan Trip
2022/08/14  00:00:00,A thumbnail guide to IP rights for fintech businesses in Malta
2022/08/14  00:00:00,Michael Saylor: the tech mystic who bet it all on bitcoin
2022/08/14  00:00:00,News |   			Vintage Chicago Tribune: Randhurst Mall opened 60 years ago as a shopping cathedral and machine for selling
2022/08/14  00:00:00,More U.S. Lawmakers Visit Taiwan 12 Days After Pelosi Trip
2022/08/14  00:00:00,Journalist: Chelsea to launch 25m offer to sign 288k-p/w star who quit Arsenal
2022/08/14  00:00:00,Campus Connection: Jen Olson is back at MSC Southeast
2022/08/14  00:00:00,Azerbaijani Servicemen Are On Visit To Iran (PHOTO)
2022/08/14  00:00:00,'Pushpa' music composer Devi Sri Prasad to hoist Indian flag on Times Square
2022/08/14  00:00:00,Ghana High Commission Disowns Akufo-Addos Purported Letter Advising Tinubu to Suspend Presidential Ambition
2022/08/14  00:00:00,"Apple makes a CarPlay for more of your dashboard, more of your data"
2022/08/14  00:00:00,Shelflife: Wild and edible plants of Missoula
2022/08/14  00:00:00,Reno police say they saw suspect reach for his handgun before they shot him
2022/08/14  00:00:00,"Sen. Ed Markey leads US delegation to Taiwan, 12 days after Pelosi trip"
2022/08/14  00:00:00,Marcos: Philippines may import smaller amount of sugar in October
2022/08/14  00:00:00,Experts analyze four major focuses of recent high temperature weather
2022/08/14  00:00:00,"Airborne 08.12.22: Snowbird Grounding, AEA 2Q Report, Paul Allens Warbirds"
2022/08/14  00:00:00,"75 e-buses hit the roadin Bengaluru, check the routes"
2022/08/14  00:00:00,Saudis Prince Alwaleed invested over $500 million in Russian firms: Exchange filing
2022/08/14  00:00:00,BMTC to lease 921 e-buses under Grand Challenge
2022/08/14  00:00:00,Full text of Xi Jinping's letter to grassroots heroes
2022/08/14  00:00:00,US lawmakers in Taiwan on heels of Pelosi visit
2022/08/14  00:00:00,More U.S. Lawmakers Visit Taiwan 12 Days After Pelosi Trip
2022/08/14  00:00:00,Here's the Person Who Got Left Off the Passenger Manifest on Pelosi's Taiwan Trip
2022/08/14  00:00:00,Rabbi Pesach Lerner demands: Freeze budget allotted to Reform Movement
2022/08/14  00:00:00,Handle education as social service for sake of posterity  Prof Iwe to FG
2022/08/14  00:00:00,Andhra Pradesh: TDP demands suspension of Gorantla Madhav
2022/08/14  00:00:00,Ukraine targets Russians based at Europes biggest nuclear plant
2022/08/14  00:00:00,Hogan says DOJ will need to prove importance of Trump search but calls out GOP response
2022/08/14  00:00:00,Unique Sites of Israel: Biblical Anim
2022/08/14  00:00:00,"Russia leaves 20,000 soldiers stranded in tactical withdrawal to the east"
2022/08/14  00:00:00,Canon EOS R10 production sample gallery (DPReview TV)
2022/08/14  00:00:00,"Airborne-Flight Training 08.11.22: Thrust Flight, Delta Propel, PTO Forecast"
2022/08/14  00:00:00,Will take up issue of media crackdown in campaign across Pakistan: Imran Khan
2022/08/14  00:00:00,"Sen. Ed Markey leads US delegation to Taiwan, 12 days after Pelosi trip"
2022/08/14  00:00:00,Shelflife: Wild and edible plants of Missoula
2022/08/14  00:00:00,(Hello Africa) Acupuncture bridges China-Uganda ties
2022/08/14  00:00:00,"K.T. Jaleel Pakistani spy, let him live there: Kerala BJP chief"
2022/08/14  00:00:00,Wounded Indiana officer's K-9 partner staying with former handler
2022/08/14  00:00:00,US lawmakers arrive in Taiwan days after Pelosi's visit
2022/08/14  00:00:00,"Tom Holland Explains His Social Media Break: ""I Get Caught Up and I Spiral"""
2022/08/14  00:00:00,Trump lawyer told officials secret documents had been returned
2022/08/14  00:00:00,KILDARE TV COLUMN: Goslings no Bond-in-waiting in Netflixs The Gray Man
2022/08/14  00:00:00,US congressional delegation visits Taiwan on heels of Pelosi trip
2022/08/14  00:00:00,Stretching monkeypox vaccines; NYT spotlights Philly violence; RIP chef Jim Burke | Sunday roundup
2022/08/14  00:00:00,Notes from Central Taiwan:  Taiwanese migrant workers and the salary crisis
2022/08/14  00:00:00,"Yakima Valley Memorial, MultiCare officials extend timeline for merger discussions"
2022/08/14  00:00:00,BMTC to lease 921 e-buses under Grand Challenge
2022/08/14  00:00:00,Leo Varadkar takes aim at Sinn Fin during Arthur Griffith and Michael Collins commemoration
2022/08/14  00:00:00,The new phones of week 32
2022/08/14  00:00:00,Ukraine targets Russians based at Europes biggest nuclear plant
2022/08/14  00:00:00,"Chris Wallace, CNN Hate Talk of Federal 'Gestapo'...Unless Dems Use It"
2022/08/14  00:00:00,Repair crews working to fix burst watermain in Ballina
2022/08/14  00:00:00,NDLEA Uncovers 442 Parcels of Crystal Meth in Heads of Smoked Fish
2022/08/14  00:00:00,"Cultural exchange held for children from Vietnam, Laos, Cambodia"
2022/08/14  00:00:00,US lawmakers in Taiwan on heels of Pelosi visit
2022/08/14  00:00:00,"Idaho Falls girl walks to Grantsville, Utah"
2022/08/14  00:00:00,UN wheat ship departs Ukraine for East Africa
2022/08/14  00:00:00,Trump Lawyer Claimed In June That No Classified Material Remained At Mar-a-Lago
2022/08/14  00:00:00,"Require 90 MKs to approve Knesset dispersal, Yisrael Beytenu proposes"
2022/08/14  00:00:00,Archbishop Francis Duffy to address Knock National Novena
2022/08/14  00:00:00,"Enugu guber: APC candidate, Uche Nnaji unveils George Ogara as running mate"
2022/08/14  00:00:00,Trump and Pompeo Next for Divine Revenge After Attack on Apostate Rushdie: Iranian Media
2022/08/14  00:00:00,"K.T. Jaleel Pakistani spy, let him live there: Kerala BJP chief"
2022/08/14  00:00:00,"Private company provides carpet weaving training to 3,000 women"
2022/08/14  00:00:00,"Save Niger Delta commission, group tells Buhari, others"
2022/08/14  00:00:00,Notes from Central Taiwan:  Taiwanese migrant workers and the salary crisis
2022/08/14  00:00:00,"Letters to the editor: Eugene and natural gas, Snake River dams and Supreme Court decisions"
2022/08/14  00:00:00,News |   			Vintage Chicago Tribune: Randhurst Mall opened 60 years ago as a shopping cathedral and machine for selling
2022/08/14  00:00:00,The new phones of week 32
2022/08/14  00:00:00,Govt Proposes Immediate Assistance for Gaza Area Communities
2022/08/14  00:00:00,"Afghan commerce minister to have meetings in agriculture, energy ministries in Russia"
2022/08/14  00:00:00,US congressional delegation arrives in Taiwan on heels of Pelosi visit
2022/08/14  00:00:00,US lawmakers in Taiwan on heels of Pelosi visit
2022/08/14  00:00:00,Vietnamese contingents' activities in Army Games 2022
2022/08/14  00:00:00,Salman Rushdie and the Cult of Offense
2022/08/14  00:00:00,A second US congressional delegation visits Taiwan
2022/08/14  00:00:00,"Tom Holland Explains His Social Media Break: ""I Get Caught Up and I Spiral"""
2022/08/14  00:00:00,US lawmakers arrive in Taiwan days after Pelosi's visit
2022/08/14  00:00:00,IEA trade delegation heads to Moscow
2022/08/14  00:00:00,Russians detain their own former spy chief on route to front line
2022/08/14  00:00:00,Oppo Find N Fold and Find N Flip just tipped to fight Galaxy Fold 4 and Flip 4 worldwide
2022/08/14  00:00:00,"Shai Nitzan, ex-PID officials trade jabs over Umm al-Hiran incident"
2022/08/14  00:00:00,Simon Zebo & wife Elvira detail ridiculously Irish first meeting
2022/08/14  00:00:00,Handle education as social service for sake of posterity  Prof Iwe to FG
2022/08/14  00:00:00,Road to Healing event draws more than 800 boarding school survivors and descendants
2022/08/14  00:00:00,News |   			Vintage Chicago Tribune: Randhurst Mall opened 60 years ago as a shopping cathedral and machine for selling
2022/08/14  00:00:00,Trump and Pompeo Next for Divine Revenge After Attack on Apostate Rushdie: Iranian Media
2022/08/14  00:00:00,Shimla: Himachal CM participates in Har Ghar Tiranga programme
2022/08/14  00:00:00,Notes from Central Taiwan:  Taiwanese migrant workers and the salary crisis
2022/08/14  00:00:00,"YEXT FINAL DEADLINE: ROSEN, SKILLED INVESTOR COUNSEL, Encourages Yext, Inc. Investors With Losses to Secure Counsel Before Important Tuesday Deadline in Securities Class Action  YEXT"
2022/08/14  00:00:00,2021 PowerBoost Mileage Update and Trip Review
2022/08/14  00:00:00,Archbishop Francis Duffy to address Knock National Novena
2022/08/14  00:00:00,"Afghan commerce minister to have meetings in agriculture, energy ministries in Russia"
2022/08/14  00:00:00,Governor Travels To Warm Springs Reservation
2022/08/14  00:00:00,Al Numani receives US Special Envoy for Yemen
2022/08/14  00:00:00,"Require 90 MKs to approve Knesset dispersal, Yisrael Beytenu proposes"
2022/08/14  00:00:00,Russians detain their own former spy chief on route to front line
2022/08/14  00:00:00,Unique Sites of Israel: Biblical Anim
2022/08/14  00:00:00,"Shai Nitzan, ex-PID officials trade jabs over Umm al-Hiran incident"
2022/08/14  00:00:00,UN wheat ship departs Ukraine for East Africa
2022/08/14  00:00:00,Here's the Person Who Got Left Off the Passenger Manifest on Pelosi's Taiwan Trip
2022/08/14  00:00:00,US lawmakers in Taiwan on heels of Pelosi visit
2022/08/14  00:00:00,Maharashtra government officials to say 'Vande Mataram' while attending phone calls in offices
2022/08/14  00:00:00,Shimla: Himachal CM participates in Har Ghar Tiranga programme
2022/08/14  00:00:00,MP: Two elephants to be deployed to chase away leopards from cheetah enclosure
2022/08/14  00:00:00,Liz Cheneys Husband Is Partner at Law Firm Representing Hunter Biden on Tax Issues
2022/08/14  00:00:00,Postcard from the church dedicated to George Washington
2022/08/14  00:00:00,India at 75: Automobile brands that are no more
2022/08/14  00:00:00,This Week in West Virginia History
2022/08/14  00:00:00,Collins and Griffith remembered at Glasnevin event
2022/08/14  00:00:00,"Save Niger Delta commission, group tells Buhari, others"
2022/08/14  00:00:00,News |   			Vintage Chicago Tribune: Randhurst Mall opened 60 years ago as a shopping cathedral and machine for selling
2022/08/14  00:00:00,UK University Posts Hand Selected by Communist China According to Political Allegiance: Report
2022/08/14  00:00:00,Shelflife: Wild and edible plants of Missoula
2022/08/14  00:00:00,Adults turn kids at coconut leaves-craft workshop
2022/08/14  00:00:00,Simon Zebo & wife Elvira detail ridiculously Irish first meeting
2022/08/14  00:00:00,Person 'collapses' in queue for monkeypox jab as hundreds wait 'hours in direct sun'
2022/08/14  00:00:00,A second US congressional delegation visits Taiwan
2022/08/14  00:00:00,Trump Lawyer Claimed In June That No Classified Material Remained At Mar-a-Lago
2022/08/14  00:00:00,3 candidates vie for Democratic primary in Palm Beach County Commission District 6
2022/08/14  00:00:00,Activist plans legal action: pet dogs put down by Sando Corporation
2022/08/14  00:00:00,"INS Satpura arrives in San Diego, USA to commemorate Azadi Ka Amrit Mahotsav"
2022/08/14  00:00:00,All roads lead to Offaly's massive Tullamore Show
2022/08/14  00:00:00,Notes from Central Taiwan:  Taiwanese migrant workers and the salary crisis
2022/08/14  00:00:00,MP: Two elephants to be deployed to chase away leopards from cheetah enclosure
2022/08/14  00:00:00,US congressional delegation arrives in Taiwan on heels of Pelosi visit
2022/08/14  00:00:00,"Enugu guber: APC candidate, Uche Nnaji unveils George Ogara as running mate"
2022/08/14  00:00:00,World News | Sri Lanka Lifts Ban on Six Tamil Diaspora Groups and 316 Individuals
2022/08/14  00:00:00,"Letters to the editor: Eugene and natural gas, Snake River dams and Supreme Court decisions"
2022/08/14  00:00:00,IEA trade delegation heads to Moscow
2022/08/14  00:00:00,UN wheat ship departs Ukraine for East Africa
2022/08/14  00:00:00,"CBC Regional Office, Itanagar holds outreach programme on Har Ghar Tiranga"
2022/08/14  00:00:00,UK University Posts Hand Selected by Communist China According to Political Allegiance: Report
2022/08/14  00:00:00,Mayor Honey tells Manilans to get three shots to be considered fully vaccinated
2022/08/14  00:00:00,"China, Thailand hold joint air force training exercise"
2022/08/14  00:00:00,"In Depth: Monkeypox, AI and imaging, International Medical Corps in Ukraine"
2022/08/14  00:00:00,Ron DeSantis to headline campaign event for Trump-endorsed Kari Lake in wake of Mar-a-Lago raid
2022/08/14  00:00:00,"Life briefs: OWU scholars, GOAL summer activities, Comedy Club show"
2022/08/14  00:00:00,Gang Posing As Mumbai Police Officials Loot Wellness Company In Delhi
2022/08/14  00:00:00,Rand Paul calls for repeal of Espionage Act amid DOJ investigation into Trump taking classified documents to Mar-a-Lago
2022/08/14  00:00:00,Giada De Laurentiis Pumpkin and Goat Cheese Risotto
2022/08/14  00:00:00,Conservation Society proposes landmark status for Institute of Texan Cultures
2022/08/14  00:00:00,Portugal: EU eyes Iberia-Italy pipeline to get gas to Europe
2022/08/14  00:00:00,Liz Cheneys Husband Is Partner at Law Firm Representing Hunter Biden on Tax Issues
2022/08/14  00:00:00,Road to Healing event draws more than 800 boarding school survivors and descendants
2022/08/14  00:00:00,The Guardian view on cheap train travel: a lesson from Germany
2022/08/14  00:00:00,Taiwan in the Middle of a Cockfight
2022/08/14  00:00:00,Candidates to speak at Republican Women meeting Tuesday
2022/08/14  00:00:00,Rakesh Jhunjhunwala: Indias Warren Buffet who remained a middle-class at heart
2022/08/14  00:00:00,Khandwa: Cross-complaint registered in case of stone pelting on Dhaba owned by sarpanch's son
2022/08/14  00:00:00,White House to circulate Afghanistan memo defending US withdrawal -Axios report
2022/08/14  00:00:00,Around Town: Belgian teen pilot on quest for world record visits Palo Alto
2022/08/14  00:00:00,"Consultations ongoing between Tinubu, Amaechi, Lawan, others  APC national vice chairman"
2022/08/14  00:00:00,Fact Check: Old video of teacher thrashing a student in Bihar passed off as that of Jalore incident
2022/08/14  00:00:00,CN to temporarily reopen Clothes for Kids program
2022/08/14  00:00:00,Plane bumps another while backing up at Boston airport
2022/08/14  00:00:00,Govt may use BOCW funds to push pension scheme
2022/08/14  00:00:00,TAIPEI TIMES Critics pan Chiangs bus proposal
2022/08/14  00:00:00,US congressional delegation arrives in Taiwan
2022/08/14  00:00:00,TAIPEI TIMES US lawmakers arrive in Taiwan
2022/08/14  00:00:00,Red Sox to activate Michael Wacha from 15-day injured list
2022/08/14  00:00:00,Governor Travels To Warm Springs Reservation
2022/08/14  00:00:00,Liz Cheneys Husband Is Partner at Law Firm Representing Hunter Biden on Tax Issues
2022/08/14  00:00:00,Portugal: EU eyes Iberia-Italy pipeline to get gas to Europe
2022/08/14  00:00:00,Watch Now: The Lindbergh Bird lands in Dodge County
2022/08/14  00:00:00,I-Day: Delhi Under Heavy Security Cover
2022/08/14  00:00:00,Collins and Griffith remembered at Glasnevin event
2022/08/14  00:00:00,'Saahil Ki Kahaaniyan'  Representing climate change crisis through art
2022/08/14  00:00:00,"Meet Rocket, Chaparral High's full-time crisis K9"
2022/08/14  00:00:00,Auckland mayoral contest: John Banks calls on Viv Beck to throw in the towel
2022/08/14  00:00:00,White House to circulate Afghanistan memo defending US withdrawal -Axios report
2022/08/14  00:00:00,The amber after the Green Revolution: Agri agenda for Amrit Kaal
2022/08/14  00:00:00,Amarillo faith calendar for Aug. 14
2022/08/14  00:00:00,IEA trade delegation heads to Moscow
2022/08/14  00:00:00,Didi seeks credit for Bihar change
2022/08/14  00:00:00,iSignthis ensnared in giant cannabis Ponzi collapse
2022/08/14  00:00:00,The search of Trumps house in the post-truth age - analysis
2022/08/14  00:00:00,The race of two Asian giants Premium
2022/08/14  00:00:00,"In Focus: Chinas drills offer spying opportunity for US, allies"
2022/08/14  00:00:00,TAIPEI TIMES Critics pan Chiangs bus proposal
2022/08/14  00:00:00,Taiwan Chinas buffer zone against Pacific Ocean
2022/08/14  00:00:00,Ship with grain for Ethiopia to leave Ukraines Yuzhny port on August 15  minister
2022/08/14  00:00:00,Guj sanctions Rs 550cr for police personnel's salary hike
2022/08/14  00:00:00,Tamil Nadu BJP vice-president held over 'breaking lock' of memorial
2022/08/14  00:00:00,Man takes picture of Yonaguni Island from Yilan
2022/08/14  00:00:00,Auckland mayoral contest: John Banks calls on Viv Beck to throw in the towel
2022/08/14  00:00:00,US congressional delegation arrives in Taiwan on heels of Pelosi visit
2022/08/14  00:00:00,5 Healthcare Stocks to Watch Amid Senates Healthcare Bill
2022/08/14  00:00:00,Around Town: Belgian teen pilot on quest for world record visits Palo Alto
2022/08/14  00:00:00,P2.7-B in shabu seized in Northern Luzon stings
2022/08/14  00:00:00,12 terrorists surrender to troops in Maguindanao
2022/08/14  00:00:00,Florida Power & Light tied to dark money used to help Sen. Keith Perry win 2018 race
2022/08/14  00:00:00,iSignthis ensnared in giant cannabis Ponzi collapse
2022/08/14  00:00:00,Amarillo faith calendar for Aug. 14
2022/08/14  00:00:00,Karzai: Taliban must allow girls to go to school
2022/08/14  00:00:00,The race of two Asian giants Premium
2022/08/14  00:00:00,Govt may use BOCW funds to push pension scheme
2022/08/14  00:00:00,'Author Salman Rushdie put on ventilator'
2022/08/14  00:00:00,TAIPEI TIMES US lawmakers arrive in Taiwan
2022/08/14  00:00:00,Queen Elizabeth Is Being Called On to Recognize Black Sabbaths Services To Music
2022/08/14  00:00:00,AWU slams Twiggy over green hydrogen crusade
2022/08/14  00:00:00,Auckland mayoral contest: John Banks calls on Viv Beck to throw in the towel
2022/08/14  00:00:00,Portugal: EU eyes Iberia-Italy pipeline to get gas to Europe
2022/08/14  00:00:00,This Week in West Virginia History
2022/08/14  00:00:00,"Humanitarian organisation donates 274,780 to IDPs in Kaduna"
2022/08/14  00:00:00,Sri Lanka allows controversial Chinese ship to visit port
2022/08/14  00:00:00,Ship with grain for Ethiopia to leave Ukraines Yuzhny port on August 15  minister
2022/08/14  00:00:00,Narok governor results to be declared at Bomas of Kenya
2022/08/14  00:00:00,Ship with grain for Ethiopia leaves Yuzhny port  Odessa authorities
2022/08/14  00:00:00,Sendhwa: 75-feet-high Tiranga hoisted at Tiranga Chowk
2022/08/14  00:00:00,Amit Shah's granddaughter registers her participation in Har Ghar Tiranga
2022/08/14  00:00:00,iSignthis ensnared in giant cannabis Ponzi collapse
2022/08/14  00:00:00,US congressional delegation arrives in Taiwan on heels of Pelosi visit
2022/08/14  00:00:00,Tamil Nadu BJP vice-president held over 'breaking lock' of memorial
2022/08/14  00:00:00,Rome ACC license hearing set for Peaches on Monday to address July 29 fight
2022/08/14  00:00:00,Army intervenes in Pikit clan war
2022/08/14  00:00:00,ISI luring Sikhs with money to speak in favour of Pakistan
2022/08/14  00:00:00,Karzai: Taliban must allow girls to go to school
2022/08/14  00:00:00,Govt may use BOCW funds to push pension scheme
2022/08/14  00:00:00,Modi and Shah pay homage as BJP and Cong argue over partition 'Facts'
2022/08/14  00:00:00,The search of Trumps house in the post-truth age - analysis
2022/08/14  00:00:00,"Transcript: Rep. Michael McCaul on ""Face the Nation,"" Aug. 14, 2022"
2022/08/14  00:00:00,Toyota pushes for extension of auto incentives program
2022/08/14  00:00:00,Russia starts delivering extra gas to Hungary
2022/08/14  00:00:00,Bipartisan delegation of U.S. Congress visits Taiwan to exchange views with President Tsai
2022/08/14  00:00:00,Watch Now: The Lindbergh Bird lands in Dodge County
2022/08/14  00:00:00,"World Juniors Day 6 Primer: Lekkerimki, Jurmo, Truscott all in action"
2022/08/14  00:00:00,Artwork of detainees showcased in exhibit
2022/08/14  00:00:00,Auckland mayoral contest: John Banks calls on Viv Beck to throw in the towel
2022/08/14  00:00:00,The Buzz: A Public Health Preview
2022/08/14  00:00:00,"Fr. Edward T. Oakes, SJ, Requiescat in pace"
2022/08/14  00:00:00,Carolinas Class of 2026 arrives on campus
2022/08/14  00:00:00,Rattle and drum as London Symphony Orchestra rolls in
2022/08/14  00:00:00,UN-Chartered Ship Loaded With Ukrainian Grain Heading to Famine-Stricken Ethiopia
2022/08/14  00:00:00,Man takes picture of Yonaguni Island from Yilan
2022/08/14  00:00:00,CBI mulls quizzing Anubrata Mondal's daughter
2022/08/14  00:00:00,Health fair for Medicaid clients set for Tuesday
2022/08/14  00:00:00,"In Focus: Chinas drills offer spying opportunity for US, allies"
2022/08/14  00:00:00,Tamil Nadu BJP vice-president held over 'breaking lock' of memorial
2022/08/14  00:00:00,Mountain Rescuers called up Ben Nevis for struggling dog
2022/08/14  00:00:00,Georgia Army National Guards OCS Program Commissions 8 Lieutenants
2022/08/14  00:00:00,Didi seeks credit for Bihar change
2022/08/14  00:00:00,'Author Salman Rushdie put on ventilator'
2022/08/14  00:00:00,Bipartisan delegation of U.S. Congress visits Taiwan to exchange views with President Tsai
2022/08/14  00:00:00,Amarillo faith calendar for Aug. 14
2022/08/14  00:00:00,"World Juniors Day 6 Primer: Lekkerimki, Jurmo, Truscott all in action"
2022/08/14  00:00:00,Vietnam Tank Team joins Army Games 2022
2022/08/14  00:00:00,Van Der Valk full cast and locations as second series continues
2022/08/14  00:00:00,My short and alternative experience at Cinemalaya 2022
2022/08/14  00:00:00,Watch Now: The Lindbergh Bird lands in Dodge County
2022/08/14  00:00:00,Florida Power & Light tied to dark money used to help Sen. Keith Perry win 2018 race
2022/08/14  00:00:00,Texas Is Taking Donations to Bus Illegals to D.C. and NYC
2022/08/14  00:00:00,NYC parents are heading to the exits. Open more school doors to keep them.
2022/08/14  00:00:00,Russia starts delivering extra gas to Hungary
2022/08/14  00:00:00,Sarah Everard: Protesters will no longer face prosecution
2022/08/14  00:00:00,Republicans Claim Biden Misled Country in Afghanistan Withdrawal
2022/08/14  00:00:00,P2.7-B in shabu seized in Northern Luzon stings
2022/08/14  00:00:00,iSignthis ensnared in giant cannabis Ponzi collapse
2022/08/14  00:00:00,Rattle and drum as London Symphony Orchestra rolls in
2022/08/14  00:00:00,Army intervenes in Pikit clan war
2022/08/14  00:00:00,Bipartisan delegation of U.S. Congress visits Taiwan to exchange views with President Tsai
2022/08/14  00:00:00,12 terrorists surrender to troops in Maguindanao
2022/08/14  00:00:00,Rotarians hear from chamber staff member
2022/08/14  00:00:00,Alpha Company Assassins return from U.S. Central Command deployment
2022/08/14  00:00:00,UMass Dartmouth Professor on Drone Strike That Killed al-Qaida Leader [TOWNSQUARE SUNDAY]
2022/08/14  00:00:00,Ian Mond Reviews The Daughter of Doctor Moreau by Silvia Moreno-Garcia
2022/08/14  00:00:00,Ship carrying grain for Ethiopia ready to leave Ukraine
2022/08/14  00:00:00,My short and alternative experience at Cinemalaya 2022
2022/08/14  00:00:00,Amarillo faith calendar for Aug. 14
2022/08/14  00:00:00,Column: Ancestors saw only opportunity in America
2022/08/14  00:00:00,New Bedfords Citizen Police Academy Returning [TOWNSQUARE SUNDAY]
2022/08/14  00:00:00,Florida Power & Light tied to dark money used to help Sen. Keith Perry win 2018 race
2022/08/14  00:00:00,Republicans Claim Biden Misled Country in Afghanistan Withdrawal
2022/08/14  00:00:00,Syria air defence intercepts Israeli missiles: State media
2022/08/14  00:00:00,U.S. lawmakers travel to Taiwan in wake of Speaker Nancy Pelosis visit
2022/08/14  00:00:00,"Leading hedge funds target Asos and Boohoo, betting on their demise in wake of greenwashing investigation by Competition and Markets Authority"
2022/08/14  00:00:00,"Ireland's sailing, boating & maritime magazine"
2022/08/14  00:00:00,"TTCU donating $143,000 to Oklahoma schools"
2022/08/14  00:00:00,Committee lets winners do the talking
2022/08/14  00:00:00,Israel Suspends High School Trips to Nazi Camps in Poland
2022/08/14  00:00:00,NYC parents are heading to the exits. Open more school doors to keep them.
2022/08/14  00:00:00,Azadi Ka Amrit Mahotsav at Aligarh Muslim University (AMU)
2022/08/14  00:00:00,Kenya 2022Wajackoyah: Nina Imani nitatangazwa kuwa Rais
2022/08/14  00:00:00,Wild Turkey Master's Keep Decades Bourbon Comes To Market
2022/08/14  00:00:00,Istanbul Center authorizes departure of two ships for Ukraines Chernomorsk
2022/08/14  00:00:00,PCCI head guarded on BBM economic agenda
2022/08/14  00:00:00,"Markey, other US lawmakers visit Taiwan 12 days after Pelosi trip"
2022/08/14  00:00:00,Deap Qatar holds beach clean-up drives all year round
2022/08/14  00:00:00,Thunder and lightning to end UK heatwave
2022/08/14  00:00:00,Three held at IGI airport with fogeign currency valued at Rs 40 lakh
2022/08/14  00:00:00,DeLorean Motors Reimagined top execs being sued by former employer
2022/08/14  00:00:00,Malaysias King & Queen due in Trkiye
2022/08/14  00:00:00,The FBI Removes Large Classified Documents From Trump's Mar-a-Lago
2022/08/14  00:00:00,Search firm evaluating seven applicants for city manager position
2022/08/14  00:00:00,"2nd MAW releases command investigation into the MV-22B Osprey crash in Norway on March 18, 2022"
2022/08/14  00:00:00,White House drafts memo defending Afghanistan withdrawal
2022/08/14  00:00:00,"Ireland's sailing, boating & maritime magazine"
2022/08/14  00:00:00,Syria air defence intercepts Israeli missiles: State media
2022/08/14  00:00:00,BSP pilots digital payments campaign in Baguio market
2022/08/14  00:00:00,Azadi Ka Amrit Mahotsav at Aligarh Muslim University (AMU)
2022/08/14  00:00:00,Newspaper headlines: Energy cap plans and 'Sanction Iran over Rushdie'
2022/08/14  00:00:00,Bring Nupur to justice for comments on Prophet: Al-Qaidas India mouthpiece
2022/08/14  00:00:00,"Newcastle United battle Aston Villa, Fulham for Victor Nelsson"
2022/08/14  00:00:00,Bangabandhus 1952 trip to New China
2022/08/14  00:00:00,Karnataka government corners Jawaharlal Nehru in ad
2022/08/14  00:00:00,"US Secretary of State came to South Africa, blinked and left"
2022/08/14  00:00:00,Hirakud: A flood shield debt to Jawaharlal Nehru
2022/08/14  00:00:00,1st LD-Writethru-Economic Watch: Silk Road int'l expo pushes for deeper Belt and Road cooperation
2022/08/14  00:00:00,"Markey, other US lawmakers visit Taiwan 12 days after Pelosi trip"
2022/08/14  00:00:00,"Fund Regional Security Outfits, Amotekun, Vigilantes, Hunters With Money Earmarked For Nigeria Police, Group Tells Southern, Middle-Belt Governors"
2022/08/14  00:00:00,Alpha Company Assassins return from U.S. Central Command deployment
2022/08/14  00:00:00,Sections of Hoover Nature Trail to be sold
2022/08/14  00:00:00,DeLorean Motors Reimagined top execs being sued by former employer
2022/08/14  00:00:00,Call for sex offenders registry revived
2022/08/14  00:00:00,U.S. lawmakers travel to Taiwan in wake of Speaker Nancy Pelosis visit
2022/08/14  00:00:00,Lawmakers Weigh In on FBI Search of Trumps Residence
2022/08/14  00:00:00,Wisconsin GOP Leader Vos Fires 2020 Election Investigator
2022/08/14  00:00:00,Tinubus group hails Falekes appointment as PCC secretary
2022/08/14  00:00:00,Watch  I Just Swallowed a Bee: Ontario Premier Doug Ford During Press Conference
2022/08/14  00:00:00,Trump lawyer claimed no classified material was at Mar-a-Lago in signed letter to Justice Department
2022/08/14  00:00:00,New Owen Wilson superhero film bets on streaming power
2022/08/14  00:00:00,FEMA to open Hazelwood disaster assistance center Monday
2022/08/14  00:00:00,"Nicholas Latifi: Sebastian Vettel campaigns for everyone, not just Formula 1 drivers"
2022/08/14  00:00:00,AFRICAN SOLUTIONS TO AFRICAN PROBLEMS: REBOOT RESTART RESET
2022/08/14  00:00:00,Nicola Sturgeon mulls green crackdown for Scottish malt
2022/08/14  00:00:00,Karnataka government corners Jawaharlal Nehru in ad
2022/08/14  00:00:00,Azadi Ka Amrit Mahotsav at Aligarh Muslim University (AMU)
2022/08/14  00:00:00,"Putin leaves 20,000 of his soldiers stranded in tactical withdrawal as Ukraine blows up key bridges"
2022/08/14  00:00:00,Malaysias King & Queen due in Trkiye
2022/08/14  00:00:00,First UN-chartered freighter leaves Ukraine with grain for Africa
2022/08/14  00:00:00,"Salman Rushdie off ventilator and road to recovery has begun, agent says"
2022/08/14  00:00:00,Alpha Company Assassins return from U.S. Central Command deployment
2022/08/14  00:00:00,Lough Ree RNLI assists ten as speedboat sinks
2022/08/14  00:00:00,Wennesland in La-La Land ignoring Hashemite Kingdom of Palestine
2022/08/14  00:00:00,Watch  I Just Swallowed a Bee: Ontario Premier Doug Ford During Press Conference
2022/08/14  00:00:00,Bangabandhus 1952 trip to New China
2022/08/14  00:00:00,"PM and high level government team  travel to Singapore, return today"
2022/08/14  00:00:00,He has a long time before recovery.. A new account of the details of the attack on Salman Rushdie
2022/08/14  00:00:00,Search firm evaluating seven applicants for city manager position
2022/08/14  00:00:00,DR Congo Opens Up Oil Auctions to Crypto and Carbon Firms
2022/08/14  00:00:00,Premier League London Derby pick: Tottenham looks to send early message against Chelsea
2022/08/14  00:00:00,Sen. Rounds on Mar-a-Lago Raid: AG Garland Has Responsibility to Share Why They Did This
2022/08/14  00:00:00,Azadi Ka Amrit Mahotsav at Aligarh Muslim University (AMU)
2022/08/14  00:00:00,Republican report: America's enemies may recruit Afghan soldiers to serve them
2022/08/14  00:00:00,Malaysias King & Queen due in Trkiye
2022/08/14  00:00:00,Three held at IGI airport with fogeign currency valued at Rs 40 lakh
2022/08/14  00:00:00,The fabric of Indias civil-military relations Premium
2022/08/14  00:00:00,"Russia Shells Eight Communities Of Sumy, Chernihiv Regions From Its Territory"
2022/08/14  00:00:00,Sameer Wankhede files case against Nawab Malik
2022/08/14  00:00:00,"Salman Rushdie off ventilator and road to recovery has begun, agent says"
2022/08/14  00:00:00,"Salman Rushdie off ventilator, on road to recovery"
2022/08/14  00:00:00,Bangabandhus 1952 trip to New China
2022/08/14  00:00:00,First Excel NFTs include renderings of Ukraine's Zelensky
