date,title
2020/12/21 0:00:00,Bernard Tomic suffers a fresh blow as tennis career remains on life support
2020/12/21 0:00:00,New York Jets week 15 win to lose franchise No. 1 Draft pick
2020/12/21 0:00:00,A-League and W-League draws to be altered due to border closures and quarantine requirements
2020/12/21 0:00:00,The ‘insular peninsula’: Reason Sydney cluster may not be as worrying as it might otherwise have been
2020/12/21 0:00:00,Dan Andrews’ ‘get on the beers’ remix gets turned into Christmas light shows
2020/12/21 0:00:00,Huge funeral planned for slain Rebels bikie boss Nick Martin in Perth
2020/12/21 0:00:00,More than 100 venues now on alert
2020/12/21 0:00:00,"Notorious Qld rapist back behind bars, state govt says he should not go free"
2020/12/21 0:00:00,‘I gave everything’: Alexander Albon’s heartbreaking Instagram post after Red Bull sacking
2020/12/21 0:00:00,Rare Spanish Mission-inspired family home draws a crowd
2020/12/21 0:00:00,Former Health Minister Jenny Mikakos takes aim at Daniel Andrews after hotel quarantine inquiry findings
2020/12/21 0:00:00,Old meets new in a stunning retro Stirling entertainer
2020/12/21 0:00:00,Sydney virus outbreak causing headaches for racing participants contemplating heading north
2020/12/21 0:00:00,Protesters rally outside Park Hotel Carlton where 60 refugees and asylum seekers are being detained
2020/12/21 0:00:00,St Basil’s and Epping Gardens COVID-19 outbreak independent review released
2020/12/21 0:00:00,Zac Efron sports new mullet haircut from Adelaide barber
2020/12/21 0:00:00,Extra Cover: Sign up for the News Corp Cricket weekly newsletter
2020/12/21 0:00:00,Fake COVID rumour engulfs Bryan Brown and Rachel Ward amid northern beaches cluster
2020/12/21 0:00:00,Joe Burns praises Australian coach Justin Langer for keeping faith in him
2020/12/21 0:00:00,"ASX slightly lower as virus cluster dents travel, entertainment stocks"
2020/12/21 0:00:00,The Midnight Sky movie review: George Clooney back on form in Netflix drama
2020/12/21 0:00:00,Will Pucovski’s gives honest 12-year-old review of Steve Smith’s technique
2020/12/21 0:00:00,Alicia Silverstone says her son Bear has never had antibiotics or medical attention
2020/12/21 0:00:00,Lismore preview: Wet track perfect conditions for Lucap to end drought
2020/12/21 0:00:00,Makeup retailer Mecca sues US cosmetics company endorsed by supermodel Rosie Huntington-Whiteley
2020/12/21 0:00:00,Five-time Group 1 winner Santa Ana Lane has been retired
2020/12/21 0:00:00,Preschool-aged child diagnosed with meningococcal
2020/12/21 0:00:00,Evergreen Dan Christian in some of the best form of his life at 37 after smashing a 15-ball BBL 50
2020/12/21 0:00:00,New rules to prevent child deaths from button batteries
2020/12/21 0:00:00,Jockey Ben Melham pleads guilty to four betting charges on first day of hearing
2020/12/21 0:00:00,A-League: Melbourne Victory players avoid quarantine when they return to Victoria from NSW
2020/12/21 0:00:00,"Daniel Andrews dismisses calls to resign, looks ahead to 2022 Victorian state election"
2020/12/21 0:00:00,Elliot Page shares first selfie since coming out as transgender
2020/12/21 0:00:00,Mouth-watering contests headline AFL’s 2021 fixture reveal
2020/12/21 0:00:00,Kaley Cuoco’s ‘The Flight Attendant’ has been renewed for season 2 on Binge
2020/12/21 0:00:00,Victorian government considers special quarantine exemption for returning travellers
2020/12/21 0:00:00,Sydney cluster: Qld reinstates ‘hard border’ closures with NSW
2020/12/21 0:00:00,Cyberpunk 2077 a ‘flop’ as Sony pulls game from PlayStation store
2020/12/21 0:00:00,The best gifts for car lovers
2020/12/21 0:00:00,More transmissible strain of COVID-19 brought into Australia from UK
2020/12/21 0:00:00,Pictures show packed clubs in Wuhan as virus rages across the world
2020/12/21 0:00:00,"How NSW’s border changes affect you: Cancelled flights, hotel bookings"
2020/12/21 0:00:00,Australian surfing superstar Tyler Wright wins Maui Pro in Hawaii
2020/12/21 0:00:00,Tiger Woods said playing with his son Charlie was as much fun as he’s had on a golf course
2020/12/21 0:00:00,Melbourne auctions: Rye boat shed among sales in final 2020 auction weekend
2020/12/21 0:00:00,Licence appeal denied for man charged over Abbotsbury fatal crash
2020/12/21 0:00:00,Road border bungle forces about 100 travellers back to NSW
2020/12/21 0:00:00,Australia records fourth hottest year as it risks being isolated globally on climate change
2020/12/21 0:00:00,Scott Morrison says NSW Christmas disruption frustrating but reunions ‘will happen’ in 2021
2020/12/21 0:00:00,Ronald Roshan charged with woman’s murder in Sydney’s southwest
2020/12/21 0:00:00,Scarlett Johansson cops brutal joke from SNL husband Colin Jost
2020/12/21 0:00:00,Radio star Hamish Blake and wife Zoe Foster Blake buy Vaucluse mansion
2020/12/21 0:00:00,Hollywood actor Hugh Jackman plays Santa giving R.M. Williams workers $1300 for Christmas
2020/12/21 0:00:00,Two people fined for venturing more than 40km into COVID-19 hotspot without excuse
2020/12/21 0:00:00,AFL player Sydney Stack to spend Christmas in jail after allegedly breaching self-quarantine in WA
2020/12/21 0:00:00,"How boy band Blue overcame booze-fuelled sex scandals, bankruptcy and rehab stints"
2020/12/21 0:00:00,Two-in-five of Australia’s aged care residents suffer some form of abuse
2020/12/21 0:00:00,Northern beaches cluster: NSW chief health officer provides benchmark for Christmas easing of restrictions
2020/12/21 0:00:00,A coronavirus death every 30 seconds in the US as health system ‘crushed’
2020/12/21 0:00:00,NRMA analysis reveals cheapest petrol prices in Australia ahead of Christmas
2020/12/21 0:00:00,Freedom furniture: how to score the best deals on mattresses and furniture
2020/12/21 0:00:00,Coronavirus NSW: Why Sydney New Year’s Eve celebrations could spell disaster
2020/12/21 0:00:00,End-of-year work burnout hitting Australians earlier and harder
2020/12/21 0:00:00,Tyler Wright won the Maui Pro in Hawaii which was moved to the famous Banzai Pipeline for the first time
2020/12/21 0:00:00,Sydney Swans star Lance ‘Buddy’ Franklin and wife Jesinta buy $790k holiday unit
2020/12/21 0:00:00,Patrick Mahomes continues to prove he isn’t of this world with absurd plays
2020/12/21 0:00:00,"French investigators want to interview Prince Andrew, reports say"
2020/12/21 0:00:00,"December 2020 Photo of the Week prize winner, #newscomauphotos"
2020/12/21 0:00:00,Hunt: no need for emergency national cabinet meeting on outbreak
2020/12/21 0:00:00,North Korea to rebuild abandoned resort in ghost town for tourists
2020/12/21 0:00:00,Virat Kohli leaves Australia after officially sinking to 12-year personal low
2020/12/21 0:00:00,Kyle Daniels: Jury dismissed after failing to reach a verdict on most child sex abuse charges faced by Mosman swim coach
2020/12/21 0:00:00,Health Minister Brad Hazzard sprays ‘stupid’ Sydneysiders giving fake names and numbers at venues
2020/12/21 0:00:00,Australian cricket star Matthew Wade has ‘signed his own death warrant'
2020/12/21 0:00:00,Holiday opening hours of major Aussie retailers revealed
2020/12/21 0:00:00,Toyota Yaris and Yaris Cross Hybrid recalled
2020/12/21 0:00:00,Former Manchester United goalkeeper Mark Bosnich says Mitch Langerak should return to Europe
2020/12/21 0:00:00,Legal action against Lorna Jane for claim activewear could ‘kill coronavirus’
2020/12/21 0:00:00,Netball coach charged with touching girls
2020/12/21 0:00:00,"Yarragon, West Gippsland: neighbours join forces to sell street"
2020/12/21 0:00:00,COVID-19 Sydney: Call for masks to be made mandatory
2020/12/21 0:00:00,Daniel Andrews apologises for failings in Victoria’s first hotel quarantine program
2020/12/21 0:00:00,Police hunt for three men in vicious five-way road rage brawl
2020/12/21 0:00:00,New allegations in feud between Ivanka and Melania Trump
2020/12/21 0:00:00,"COVID-19 confusion as conflicting advice leaves Sydneysiders unsure of isolation, travel rules"
2020/12/21 0:00:00,Hospital temporarily stops Pfizer vaccine rollout amid concerns over handful of side effects
2020/12/21 0:00:00,Sydney Thunder to unleash New Zealand speedster Adam Milne for Big Bash debut
2020/12/21 0:00:00,Mum who starved teen son to death released from jail
2020/12/21 0:00:00,"As China’s military activity rises, what is Xi Jinping’s 2021 master plan?"
2020/12/21 0:00:00,Judges’ scorecards once again cause uproar after boxing blockbuster
2020/12/21 0:00:00,Hobart COVID-19 testing clinic on the move
2020/12/21 0:00:00,Ohio restaurant receives huge tip from anonymous giver
2020/12/21 0:00:00,Mum’s simple Woolworths cake hack goes viral
2020/12/21 0:00:00,"Miley Cyrus offers Shawn Mendes, Camilla Cabello a ‘three way’"
2020/12/21 0:00:00,Dual Group 1 winner Te Akau Shark fails to overcome rare eye issue
2020/12/21 0:00:00,Supermarket customers urged not to panic buy
2020/12/21 0:00:00,"Ben Roberts-Smith, Victoria Cross recipient and Australia war hero, pictured with prosthetic leg"
2020/12/21 0:00:00,Groundsman dies after light structure falls on him at football match in France
2020/12/21 0:00:00,Palatial Greystanes property clinches record with suburb’s first $2 million plus sale
2020/12/21 0:00:00,Ex-police officer Robert Scott charged with historic sex crimes against step daughter
2020/12/21 0:00:00,NBA star Rudy Gobert inks richest contract for a centre in league history
2020/12/21 0:00:00,Heavy rainfall severe weather warning for Melbourne and southern Victoria
2020/12/21 0:00:00,Ariana Grande announces surprise engagement to Dalton Gomez
2020/12/21 0:00:00,"Best reader photos of the week: 21 December 2020, #newscomauphotos"
2020/12/21 0:00:00,AMA calls for ‘painful’ Christmas lockdown
2020/12/21 0:00:00,SA border closure: Sydney arrivals caught in mass confusion at Adelaide Airport
2020/12/21 0:00:00,NSW Road Rules: Zipper merge question wreaks havoc in Facebook quiz
2020/12/21 0:00:00,Kyle Daniels: Second juror discharged in swim coach sex abuse trial
2020/12/21 0:00:00,Damning footage allegedly shows Sydney Stack breaking quarantine as street fight breaks out
2020/12/21 0:00:00,"Private guards the wrong choice for hotel quarantine, inquiry finds"
2020/12/21 0:00:00,"How to watch the Great Conjunction, or Christmas Star, from your house"
2020/12/21 0:00:00,Sydney weather: Severe storm warning for northern NSW ahead of wet Christmas
2020/12/21 0:00:00,COVID-19 NSW: Call to put Sydney into lockdown over outbreak
2020/12/21 0:00:00,Why Kmart shoppers love this $59 three metre backyard swimming pool
2020/12/21 0:00:00,Countries ban UK flights as Britain says new coronavirus strain ‘out of control’
2020/12/21 0:00:00,Baby girl had just learned to say ‘Dadda’ when doctors killed her with lethal dose of anti-seizure drug
2020/12/21 0:00:00,United Airlines passenger dies from COVID-19 amid claims he lied about symptoms
2020/12/21 0:00:00,How to watch the ‘Christmas Star’ created by Great Conjunction of Jupiter and Saturn
2020/12/21 0:00:00,"Boxer taunts opponent mid-fight, before being savagely sent tumbling out of the ring"
2020/12/21 0:00:00,Families of four children killed by drug driver to hold memorial
2020/12/21 0:00:00,COVID-19 Sydney: Theory about who patient zero is
2020/12/21 0:00:00,Hunt rules out speeding up vaccine approval
2020/12/21 0:00:00,Teacher who lost job now earns $10K a week with sexy snaps
2020/12/21 0:00:00,Prithvi Shaw posts cryptic Instagram post after double failures in Adelaide
2020/12/21 0:00:00,Missing swimmer’s body found at Mermaid Beach
2020/12/21 0:00:00,Teenage girl sexually assaulted by man on jet ski at Altona Beach
2020/12/21 0:00:00,MasterChef star Melissa Leong splits from husband Joe Jones
2020/12/21 0:00:00,"Ten island homes around Australia you can buy for under $750,000"
2020/12/21 0:00:00,Strong Australian dollar suddenly sees average Aussies looking a lot richer
2020/12/21 0:00:00,Winter brings deadly coronavirus surge around the world with fears over risky Christmas period
2020/12/21 0:00:00,Amazon founder’s ex MacKenzie Scott wins PR war after donating $5.6 billion in four months
2020/12/21 0:00:00,Brighton’s Slate House to feature 8.2-star energy efficient homes
2020/12/21 0:00:00,"New coronavirus strain ‘out of control’, UK forced to impose Stage 4 restrictions"
2020/12/21 0:00:00,Calls for Sydney lockdown with estimates up to 1000 people could be infected with coronavirus on New Year’s Eve
2020/12/21 0:00:00,Sydney CBD COVID outbreak linked to northern beaches cluster
2020/12/21 0:00:00,India cops devastating new blow after first Test humiliation
2020/12/21 0:00:00,Callum Smith left with ‘Popeye bicep’ after horrific detached bicep in Canelo Alvarez loss
2020/12/21 0:00:00,SA homes with enviable outdoor entertainment areas
2020/12/21 0:00:00,Donald Trump denies report he discussed idea of imposing martial law and ‘re-running’ the election
2020/12/21 0:00:00,US reacts to Anthony Davis clipping his toe nails on court
2020/12/21 0:00:00,A-League prepared to postpone fixtures following COVID-19 surge in Sydney’s northern beaches
2020/12/21 0:00:00,Former Cat Dawson Simpson sells Geelong West house at auction
2020/12/21 0:00:00,Agents reflect on the lower north shore’s tough but resilient property market
